1,2,3,4,5,6,7,8,9,10,11,12,13,14,15,16,17,18,19,21,22,23,24,25,26,27,28,29,30,31,32,33,34,35,36,37,38,39,40,41,42,43,44,45,46,47,48,49,50,51,52,53,54,55,56,57,58,59,60,61,62,63,64,65,66,67,68,69,70,71,72,73,74,75,76,77,78,79,80,81,82,83,84,85,86,87,88,89,90,91,92,93,94,95,96,97,98,99,100,101,102,103,104,105,106,107,108,109,110,111,112,113,114,115
0,2650,2127,1448,1602,1121,1182,2008,617,862,1474,2957,1735,775,2515,1884,433,968,2094,1430,1365,1556,2428,2048,1604,1700,2607,1596,2187,2098,2017,1433,1580,1845,1196,2260,1932,2040,2278,1643,2070,1616,2819,1998,1937,2072,2583,2524,2221,293,702,2260,1402,1374,2413,2298,2433,2586,3195,2785,2243,2022,1829,2685,2851,3216,2794,2553,2741,730,1293,1144,1550,2052,2234,2278,3111,2882,2545,2781,2688,3431,3127,3376,2557,2176,2474,1903,3046,3098,2557,2887,2887,2739,3187,3564,1810,2060,2510,1836,2494,2927,3005,3078,3430,3590,3111,2381,2616,2628,2971,1911,2359,2548
2478,0,711,1936,3630,1904,1936,2056,2033,1694,3502,307,3598,1929,562,1945,2369,2996,3844,2700,1961,1819,1116,3131,3051,3890,825,1447,1072,834,2602,1888,3531,1502,3386,4288,1726,4067,1153,3671,1287,3398,706,1408,1789,3822,2631,2571,1438,2482,2892,4288,3429,3402,3487,3172,3275,659,931,460,2505,2864,2414,2733,2899,3264,3159,3138,3326,2573,1975,2077,2024,2623,2805,1153,773,544,3116,3352,3259,4003,3698,3999,2650,2034,1691,3674,3409,3682,2650,2979,2979,3186,3758,4033,4000,2322,2602,1008,284,1788,1710,1637,1285,1353,1011,1705,657,1115,1487,3306,4109,1875
1767,711,0,1227,2918,1193,1227,2087,1322,983,2791,1018,2926,1217,971,1963,1658,2285,3286,1989,1759,1635,1307,2607,2446,3179,1233,736,768,471,2411,1508,2820,793,2674,3577,2011,3356,632,2960,577,2686,1114,1811,1078,3264,2662,2603,729,1771,2181,3577,2718,2691,2972,2857,2992,1067,1339,869,2523,2581,2223,2764,2930,3295,3188,2947,3136,1862,1266,1368,1315,1913,2095,632,1181,952,2407,2643,2550,3293,2989,3290,1940,1325,982,3094,3440,3492,1940,2270,2270,2477,3049,3324,3288,2340,1893,297,529,1792,1871,1944,1751,1819,1340,2108,845,1524,1896,2781,3551,2284
1453,1434,723,0,2604,878,1196,1773,1008,669,2476,1741,2612,903,1694,1648,1344,1970,2971,1675,1445,1321,2030,2293,2132,2865,1956,422,1491,1194,2097,1194,2506,825,2360,3262,1697,3042,1211,2645,974,2372,1837,1763,763,2949,2348,2288,1126,1457,1867,3262,2404,2376,2658,2543,2677,1790,2062,1592,2209,2266,1909,2450,2616,2981,2874,2633,2821,1548,1236,1338,1284,1883,2065,1211,1904,1675,2376,2613,2519,3263,2958,3259,2042,1661,1379,2780,3126,3177,2042,2371,2371,2570,3019,3396,2974,2026,1995,694,1252,2190,2268,2341,2322,2390,1911,2145,1417,2247,2619,2467,3237,2312
2084,3715,3004,2324,0,1999,2059,3146,1638,1883,976,4011,1172,1796,3653,3021,1411,581,1143,2131,2502,2693,3565,1548,1706,1850,3744,2472,3324,3235,2338,2570,360,2721,1346,1426,3070,636,3261,946,2946,621,3956,3136,2814,1321,3584,2868,3097,1302,1189,1426,903,875,1713,1799,1938,3724,4333,3872,2353,1815,2784,3029,3195,3560,2871,2378,2401,1122,2156,1979,2426,2801,2835,3261,4185,3956,3294,3530,3437,3809,3206,3441,3434,3053,3350,1004,3122,2469,3434,3763,3763,3488,3936,4068,1960,2519,3386,2712,3533,3803,3881,3954,4306,4466,3987,3518,3493,3766,4108,1372,892,3685
1044,1951,1240,561,1864,0,367,1844,599,260,1736,2248,2184,494,2211,1719,486,1230,2543,1266,1200,1391,2263,1883,1723,2150,2442,709,1912,1483,1852,1268,1648,1029,1645,2522,1768,2302,1498,1905,1229,1514,2355,1834,1050,2521,2419,2359,1380,769,1151,2522,1663,1636,2249,2134,2268,2308,2580,2109,2078,1857,1665,2521,2687,3052,2630,2388,2577,689,478,560,735,1236,1418,1498,2422,2193,1729,1966,1873,2616,2311,2613,1742,1361,1633,2352,2881,2933,1742,2071,2071,1923,2372,2749,2259,1895,1695,949,1770,2111,2190,2263,2615,2703,2224,2216,1729,2464,2806,2057,2638,2383
1485,1848,1137,658,2279,441,0,2157,1040,701,2151,2029,2598,936,2107,2033,918,1645,2958,1707,1642,1705,2443,2325,2164,2564,2370,806,1905,1580,2294,1578,2063,662,2060,2937,2081,2716,1595,2320,887,1929,2251,2147,1147,2936,2732,2672,1039,1202,1566,2937,2078,2051,2690,2575,2710,2204,2476,2005,2520,2299,2106,2834,3000,3365,3071,2830,3018,1104,290,371,368,967,1149,1595,2318,2089,1460,1696,1603,2347,2042,2343,1375,994,1292,2767,3323,3375,1375,1704,1704,1654,2102,2480,2674,2337,1328,839,1584,1744,1823,1896,2248,2439,2005,2529,1511,2661,3032,2499,3053,2696
2350,2272,1998,1910,3048,1776,2143,0,1905,1566,2476,2450,1967,1801,2086,314,2242,2868,2214,2572,921,612,1496,1500,1421,2333,1675,1636,1808,1719,971,1055,3287,2389,1829,2766,1000,2491,1899,2645,2511,3270,1887,1067,1574,2192,575,515,2663,2355,2764,2766,2985,2576,1677,1497,1451,1740,2216,1939,874,1233,783,677,843,1208,1103,1213,1401,2445,2254,2335,2345,2944,3126,1899,2258,2172,3437,3673,3580,4324,4019,4320,3113,2732,2915,2044,1353,1757,3113,3443,3443,3631,4079,4457,2443,691,3066,2231,2116,3483,3561,3634,3426,3494,3152,1051,2674,1697,1511,1676,2479,1108
451,2170,1733,1054,1872,593,960,1528,0,333,1745,2476,1887,246,2035,1403,631,1239,2247,950,885,1076,1947,1568,1407,1972,2127,1201,1706,1617,1537,952,1851,1533,1468,2531,1452,2310,1797,1914,1721,1886,2339,1518,1472,2224,2103,2043,1872,565,974,2531,1672,1645,1933,1818,1952,2106,2715,2305,1762,1541,1349,2205,2371,2736,2314,2073,2261,1000,1071,1152,1328,1829,2011,1797,2631,2402,2322,2558,2465,3209,2904,3205,2257,1876,2125,2055,2565,2617,2257,2587,2587,2516,2965,3342,2082,1579,2210,1441,2014,2627,2705,2778,3127,3195,2716,1900,2222,2148,2490,1742,2512,2067
784,2148,1437,758,1935,260,627,1584,339,0,1808,2445,1943,234,2091,1460,694,1302,2303,1006,941,1132,2004,1624,1463,2196,2183,905,1762,1674,1593,1009,1887,1237,1691,2594,1508,2373,1695,1977,1425,1753,2395,1574,1247,2281,2159,2099,1577,788,1198,2594,1735,1708,1989,1874,2009,2162,2771,2306,1819,1598,1405,2261,2427,2792,2370,2129,2317,929,738,819,994,1496,1678,1695,2618,2389,1989,2225,2132,2876,2571,2872,1962,1581,1830,2111,2621,2673,1962,2291,2291,2183,2632,3009,2305,1636,1914,1145,1966,2331,2409,2482,2831,2899,2420,1956,1926,2204,2547,1798,2568,2123
1881,3375,2909,2230,593,1904,1964,2733,1543,1788,0,3682,1011,1701,3241,2609,1316,697,1073,1491,2090,2281,3153,1387,1114,1210,3332,2377,2912,2823,1892,2158,810,2626,706,786,2657,566,3003,169,2851,1029,3544,2724,2677,1251,3309,2707,3002,1006,794,786,509,100,1642,1637,1868,3312,3920,3511,2192,1654,2338,2868,3034,3399,2710,2217,2331,1027,2062,1884,2332,2706,2740,3003,3837,3608,3199,3435,3342,3960,3322,3557,3339,2958,3255,843,2961,2479,3339,3668,3668,3393,3841,4184,1320,2358,3291,2617,3219,3708,3786,3859,4211,4371,3892,3106,3398,3354,3696,1211,902,3273
3143,1521,1802,2702,4124,2569,2849,1490,2698,2359,3553,1507,3043,2594,1213,1390,3034,3661,3196,3365,1997,1688,1121,2576,2497,3409,676,2112,1468,1379,2047,1992,4196,2477,2905,3842,1132,3567,1759,3722,2371,4063,775,1087,2454,3188,1475,1366,2522,3147,3557,3842,4061,3653,2626,2446,2401,842,828,1041,1826,2309,1860,1627,1793,2157,2053,2162,2351,3238,2888,2990,2936,3535,3717,1759,1023,1251,4028,4265,4171,4915,4610,4912,3694,3118,2775,3120,2302,2707,3694,4023,4023,4222,4671,5048,3519,1767,3647,2091,1618,2695,2617,2544,2192,2259,1917,835,2044,454,0,2752,3461,512
2785,307,1018,2119,3936,2210,2119,2107,2340,2001,3808,0,3648,2235,693,1995,2676,3302,3895,3007,2092,1870,1248,3181,3102,4014,875,1754,1378,1140,2652,2019,3838,1685,3510,4447,1777,4172,1459,3977,1470,3704,756,1458,2095,3873,2682,2622,1621,2789,3198,4447,3736,3708,3538,3223,3326,709,951,511,2555,2915,2465,2784,2950,3315,3210,3188,3377,2879,2158,2260,2207,2806,2988,1459,484,277,3299,3535,3442,4185,3881,4182,2832,2217,1874,3725,3460,3733,2832,3162,3162,3369,3941,4216,4124,2372,2785,1289,590,1482,1404,1331,979,1046,704,1756,664,1166,1507,3357,4160,1896
2082,3389,3115,2446,1103,2120,2180,2447,1750,1995,509,3695,0,1900,3254,2490,1532,1206,719,1504,1934,2162,3047,712,870,1223,3226,2593,2925,2836,1502,2171,1320,2842,719,799,2551,592,3016,678,3067,1538,3438,2617,2691,697,2747,2031,3219,1207,995,799,1018,609,1057,962,1202,3291,3814,3490,1516,979,1948,2193,2359,2724,2034,1542,1730,1243,2278,2100,2548,2922,2957,3016,3808,3621,3415,3652,3558,4302,3762,3997,3555,3174,3471,168,2286,2087,3555,3884,3884,3609,4058,4435,1333,1683,3508,2833,3233,3924,4003,4076,4428,4587,4108,2999,3614,3247,3397,536,928,2994
550,1992,1634,955,1849,494,861,1350,252,234,1721,2298,1709,0,1857,1225,607,1215,2068,772,706,897,1769,1389,1229,2071,1948,1102,1528,1439,1358,774,1827,1434,1566,2507,1273,2287,1619,1890,1622,1863,2160,1340,1294,2046,1925,1865,1774,663,1073,2507,1648,1621,1755,1640,1774,1928,2537,2127,1584,1363,1171,2027,2193,2558,2136,1894,2083,976,972,1054,1229,1730,1912,1619,2453,2224,2223,2460,2367,3110,2805,3107,2159,1778,2027,1877,2387,2439,2159,2488,2488,2417,2866,3243,2180,1401,2111,1342,1836,2528,2606,2679,3028,3096,2617,1722,2123,1970,2312,1563,2333,1889
2455,519,762,1988,3606,1880,1988,1707,2009,1671,3478,687,3047,1905,0,1596,2346,2972,3293,2677,1399,1271,554,2580,2500,3413,537,1423,779,690,2051,1326,3508,1554,2908,3846,1377,3570,1070,3647,1339,3374,572,1059,1765,3271,2282,2223,1491,2459,2868,3846,3406,3378,2936,2622,2724,371,797,326,2156,2313,1863,2384,2550,2915,2811,2587,2775,2549,2028,2130,2076,2675,2857,1070,639,410,3168,3404,3311,4055,3750,4051,2702,2087,1743,3124,3060,3131,2702,3031,3031,3238,3811,4086,3522,1973,2654,1059,579,2169,2091,2018,1666,1733,1391,1356,1021,828,1213,2756,3558,1601
2036,1958,1684,1595,2749,1462,1829,750,1591,1252,2177,2136,1668,1487,1772,0,1927,2554,1914,2258,607,298,1182,1201,1121,2034,1361,1322,1494,1405,672,740,2987,2075,1529,2467,686,2191,1585,2346,2197,2956,1573,752,1260,1892,1325,1265,2348,2040,2450,2467,2686,2277,1557,1242,1345,1426,1949,1625,744,934,484,1427,1593,1958,1449,1208,1396,2131,1940,2021,2031,2630,2811,1585,1943,1858,3123,3359,3266,4009,3705,4006,2799,2418,2601,1744,1700,1752,2799,3129,3129,3317,3765,4142,2143,561,2752,1917,1802,3168,3247,3320,3112,3180,2837,1135,2360,1383,1725,1376,2179,1302
852,2405,1694,1015,1523,689,749,1908,400,645,1396,2702,1820,558,2415,1784,0,890,2179,1330,1265,1456,2328,1948,1690,1786,2507,1163,2086,1937,1917,1333,1502,1412,1281,2182,1832,1961,1952,1565,1637,1376,2719,1898,1504,2157,2483,2423,1788,385,788,2182,1323,1296,2313,2198,2333,2486,3034,2563,2143,1922,1729,2585,2751,3116,2694,2453,2641,552,860,711,1117,1619,1801,1952,2876,2647,2112,2348,2255,2998,2694,2943,2124,1743,2041,1988,2945,2997,2124,2454,2454,2306,2754,3132,1895,1960,2077,1403,2224,2494,2572,2645,2997,3157,2678,2280,2183,2528,2871,1996,2298,2447
1503,3134,2423,1743,634,1418,1477,2565,1057,1302,506,3430,1517,1215,3072,2440,830,0,1579,1909,1921,2112,2984,1893,1532,1628,3163,1891,2743,2654,2310,1989,620,2140,1124,1292,2488,1072,2680,675,2365,655,3375,2555,2233,1757,3140,3080,2516,721,630,1292,433,406,2148,2143,2374,3143,3752,3291,2698,2160,2386,3242,3408,3773,3216,2723,2837,541,1575,1398,1845,2220,2254,2680,3604,3375,2713,2949,2856,3586,2948,3184,2853,2472,2769,1349,3467,2985,2853,3182,3182,2907,3355,3733,1738,2616,2805,2131,2952,3222,3300,3373,3725,3885,3406,2937,2911,3185,3527,1717,1408,3104
2622,3739,3465,3054,1157,2728,2788,2269,2307,2485,1117,4007,703,2250,3604,2497,2114,1623,0,1854,1941,2169,3053,718,877,1574,3232,3103,3275,3186,1508,2522,1508,3450,1069,1407,2557,500,3366,990,3675,1770,3444,2624,3041,178,2569,1853,3826,1814,1603,1407,1626,1217,570,835,796,3298,3821,3496,1523,985,1955,2014,2180,2545,1856,1356,1259,1851,2886,2708,3156,3530,3564,3366,3815,3730,4023,4259,4166,4885,4247,4482,4163,3782,4079,535,2107,1412,4163,4492,4492,4217,4666,5043,1683,1689,4115,3441,3583,4532,4610,4683,4983,5051,4635,3006,4141,3254,3218,543,265,2815
2351,2851,2577,2418,2040,2285,2593,1712,2037,2075,1446,3098,937,1980,2716,1587,1844,2144,1297,0,1031,1259,2144,618,457,1303,2323,2215,2387,2298,599,1634,2257,2898,799,1736,1648,1529,2478,1615,3086,2475,2535,1714,2153,1275,2287,1761,3237,1601,1932,1736,1955,1546,983,868,1003,2388,2911,2587,1246,592,1045,1923,2089,2453,1764,1271,1460,2038,2704,2555,2854,3453,3635,2478,2905,2820,3946,4182,4089,4832,4528,4787,3622,3241,3490,1105,2015,1816,3622,3952,3952,4140,4588,4965,1413,1276,3575,2806,2695,3992,4070,4143,4074,4142,3747,2097,3253,2344,2687,792,1562,2264
2098,2020,1746,1657,2729,1524,1891,821,1653,1314,2157,2207,1648,1549,1843,696,1989,2616,1895,2295,0,368,1253,1181,1102,2014,1432,1384,1556,1467,652,802,2968,2137,1509,2447,757,2172,1647,2326,2259,3018,1644,823,1322,1873,1396,1336,2410,2102,2512,2447,2666,2257,1538,1223,1325,1497,2020,1696,878,914,464,1498,1664,2029,1429,1188,1377,2193,2002,2083,2093,2692,2873,1647,2014,1929,3185,3421,3328,4071,3767,4068,2861,2480,2663,1725,1681,1733,2861,3191,3191,3379,3827,4204,2123,695,2814,1979,1864,3230,3309,3382,3183,3251,2908,1206,2422,1454,1796,1357,2160,1373
2364,1820,1854,1923,3062,1790,2156,452,1919,1580,2490,1838,1981,1814,1474,328,2255,2882,2227,2586,935,0,884,1514,1434,2347,1063,1650,1465,1376,985,1068,3300,2402,1842,2780,389,2504,1756,2659,2367,3283,1275,455,1588,2205,1027,968,2519,2368,2778,2780,2999,2590,1870,1556,1658,1129,1652,1328,888,1247,797,1129,1295,1660,1556,1521,1709,2459,2268,2349,2359,2957,3139,1756,1646,1561,3451,3687,3594,4337,4033,4334,3127,2746,2772,2058,1805,2065,3127,3456,3456,3644,4093,4470,2456,705,3080,2087,1772,3318,3239,3166,2814,2882,2540,837,2322,1085,1427,1690,2492,1004
2291,3218,2944,2785,1372,2413,2533,1911,1976,2154,1045,3464,536,1919,3083,1954,1784,1709,538,1523,1398,1626,2511,176,335,1243,2690,2582,2754,2665,966,2001,1724,3195,738,1334,2015,815,2845,1077,3420,1985,2902,2081,2520,516,2211,1495,3572,1541,1531,1334,1553,1145,521,426,666,2755,3278,2954,980,443,1412,1657,1823,2188,1498,1006,1194,1778,2644,2495,2901,3402,3492,2845,3272,3187,3895,4132,4039,4782,4298,4533,3908,3527,3825,368,1750,1551,3908,4237,4237,4089,4538,4915,1352,1147,3861,3173,3062,4277,4356,4429,4441,4509,4114,2463,3620,2711,2861,0,803,2458
2205,1109,1104,1764,3356,1630,1997,1153,1759,1421,3139,1264,2629,1655,763,1042,2096,2722,2876,2427,981,735,0,2162,2083,2995,713,1359,715,626,1633,909,3258,1724,2491,3428,823,3153,1006,3308,1618,3124,925,505,1428,2854,1728,1668,1769,2209,2618,3428,3156,3128,2519,2204,2307,555,1301,754,1602,1896,1446,1830,1996,2361,2256,2169,2358,2299,2108,2190,2183,2782,2964,1006,1216,987,3275,3511,3418,4162,3857,4158,2941,2365,2022,2706,2506,2714,2941,3270,3270,3469,3918,4295,3105,1419,2894,1337,1022,2746,2668,2595,2243,2311,1968,802,1580,740,1122,2338,3141,1142
2467,3042,2768,2610,1548,2476,2709,1736,2152,2266,1220,3289,712,2095,2907,1778,1959,1885,713,1699,1222,1451,2335,0,511,1419,2514,2406,2579,2490,790,1825,1899,3089,914,1510,1839,990,2670,1252,3277,2161,2726,1905,2344,691,2036,1320,3429,1716,1706,1510,1729,1320,366,251,490,2579,3102,2778,805,267,1236,1481,1647,2012,1323,830,1019,1954,2820,2671,3045,3578,3668,2670,3096,3011,4071,4308,4214,4958,4473,4708,3814,3433,3681,544,1574,1375,3814,4143,4143,4265,4714,5091,1528,971,3766,2997,2886,4183,4261,4334,4265,4333,3939,2288,3444,2536,2685,176,978,2282
1960,3030,2756,2468,1649,2083,2202,1891,1646,1823,1056,3277,546,1589,2895,1766,1453,1753,873,1193,1210,1439,2323,511,0,912,2502,2394,2567,2478,778,1813,1866,2865,408,1345,1827,1138,2658,1225,3090,2084,2714,1893,2332,851,2466,1783,3241,1210,1541,1345,1564,1156,856,761,1001,2567,3090,2766,1268,730,1224,1945,2111,2476,1786,1294,1482,1647,2313,2164,2570,3072,3254,2658,3084,2999,3565,3801,3708,4451,4147,4396,3577,3196,3494,703,2038,1838,3577,3907,3907,3759,4207,4584,1022,1435,3530,2856,2874,3947,4025,4098,4253,4321,3926,2276,3432,2524,2866,335,1138,2443
2389,3222,2948,2790,2078,2512,2631,2083,2075,2252,1484,3469,975,2018,3087,1958,1882,2182,1335,371,1402,1631,2515,989,828,0,2694,2586,2759,2670,970,2005,2295,3269,837,1774,2019,1567,2850,1654,3457,2513,2906,2086,2524,1313,2658,2132,3609,1639,1970,1774,1993,1585,1355,1239,1374,2759,3282,2958,1617,963,1416,2294,2460,2825,2135,1643,1831,2076,2742,2593,2999,3501,3682,2850,3276,3191,3994,4230,4137,4880,4576,4825,3994,3613,3861,1143,2387,2187,3994,4323,4323,4188,4636,5013,1451,1647,3946,3177,3066,4363,4441,4514,4445,4513,4119,2468,3624,2716,3058,1151,1600,2635
2691,868,1125,2251,3843,2117,2352,1332,2246,1907,3383,875,2874,2142,537,1221,2583,3209,3120,2914,1636,1313,713,2407,2327,3240,0,1660,1016,927,1878,1563,3745,1918,2735,3673,1002,3397,1307,3552,1703,3611,212,684,2002,3098,1907,1847,1854,2696,3105,3673,3643,3483,2763,2448,2551,166,588,365,1781,2140,1690,2009,2175,2540,2435,2414,2602,2786,2392,2493,2440,3039,3221,1307,582,598,3532,3768,3675,4419,4114,4415,3066,2450,2107,2950,2685,2958,3066,3395,3395,3602,4174,4449,3349,1598,3018,1423,942,2254,2176,2103,1751,1819,1476,981,1385,298,676,2582,3385,1064
1031,1599,888,590,2182,457,824,1351,586,247,2055,1905,2190,482,1532,1227,922,1549,2550,1253,1023,899,1741,1871,1710,2443,1769,0,1203,774,1675,772,2084,1070,1939,2841,1275,2620,789,2224,1258,1951,1981,1341,342,2528,1926,1867,1409,1035,1445,2841,1982,1955,2236,2121,2256,1603,2227,1757,1787,1845,1488,2028,2194,2559,2452,2211,2400,1126,935,1016,1026,1625,1806,789,2069,1840,2118,2354,2261,3004,2700,3001,1794,1413,1662,2358,2704,2756,1794,2123,2123,2312,2760,3137,2553,1604,1747,978,1417,2163,2242,2315,2639,2707,2228,1724,1733,1972,2314,2045,2815,1891
2252,464,491,1718,3404,1678,1717,1691,1807,1468,3276,770,3031,1703,329,1580,2143,2770,3277,2474,1383,1255,538,2564,2484,3397,566,1221,0,488,2035,1310,3306,1283,2892,3830,1361,3554,868,3445,1068,3172,778,1043,1563,3255,2266,2207,1220,2257,2666,3830,3203,3176,2920,2605,2708,400,1083,599,2140,2297,1847,2368,2534,2899,2794,2571,2759,2347,1757,1859,1805,2404,2586,868,925,696,2897,3134,3040,3784,3479,3780,2431,1816,1472,3107,3044,3115,2431,2760,2760,2967,3540,3815,3506,1957,2384,788,308,2252,2174,2101,1749,1817,1360,1340,865,857,1242,2739,3542,1630
1764,893,479,1323,2916,1190,1470,2084,1319,980,2788,1199,2923,1215,758,1960,1655,2282,3283,1986,1756,1632,967,2604,2443,3176,995,733,429,0,2408,1505,2817,1098,2672,3574,1790,3353,380,2957,992,2684,1207,1472,1075,3261,2659,2600,1143,1768,2178,3574,2715,2688,2969,2854,2989,829,1512,1028,2520,2578,2221,2761,2928,3292,3185,2944,3133,1859,1509,1611,1557,2156,2338,380,1354,1125,2649,2886,2792,3536,3231,3532,2315,1739,1396,3091,3437,3489,2315,2644,2644,2843,3292,3669,3286,2337,2268,712,737,2207,2285,2358,2178,2246,1789,1769,1295,1286,1671,2778,3548,2059
2260,2252,1978,1820,2557,1686,2053,1113,1815,1476,1964,2499,1455,1711,2117,988,2152,2661,1781,2101,432,661,1545,1069,909,1821,1724,1616,1789,1700,0,1035,2774,2299,1316,2254,1049,2047,1880,2133,2487,2993,1936,1115,1554,1759,1688,1408,2639,2119,2450,2254,2473,2064,1435,1205,1307,1789,2312,1988,860,896,446,1570,1736,2101,1411,1170,1359,2355,2164,2246,2255,2854,3036,1880,2306,2221,3347,3583,3490,4234,3929,4230,3023,2643,2891,1611,1663,1715,3023,3353,3353,3541,3989,4367,1930,677,2976,2207,2096,3393,3471,3544,3475,3543,3148,1498,2654,1746,2088,1243,2046,1665
2429,1217,1143,1988,3580,1855,2134,2445,1984,1645,3453,1524,3588,1879,1083,2333,2320,2947,3948,2651,2136,2008,1292,3269,3108,3841,1319,1398,754,665,2788,0,3482,1763,3336,4239,2115,4018,1045,3622,1657,3348,1531,1796,1739,3926,3020,2960,1808,2433,2843,4239,3380,3353,3634,3359,3462,1154,1837,1352,2894,3051,2601,3122,3288,3653,3548,3324,3513,2524,2174,2276,2222,2821,3003,1045,1679,1450,3314,3550,3457,4201,3896,4197,2980,2404,2061,3756,3798,3869,2980,3309,3309,3508,3957,4334,3950,2711,2933,1377,1061,2872,2927,2854,2502,2570,2114,2094,1619,1610,1996,3443,4213,2384
1934,3564,2853,2174,617,1848,1908,2995,1487,1732,825,3861,1718,1646,3502,2871,1260,431,1689,2316,2352,2543,3415,2094,1939,2035,3594,2322,3174,3085,2717,2420,0,2570,1531,1611,2919,1182,3111,994,2795,261,3806,2985,2663,1867,3570,3414,2947,1151,1038,1611,752,725,2259,2345,2485,3573,4182,3722,2899,2361,2816,3576,3742,4106,3417,2924,2948,971,1993,1816,2276,2638,2672,3111,4034,3805,3131,3336,3274,3628,2991,3226,3283,2902,3200,1550,3668,3015,3283,3612,3612,3325,3727,3853,2145,3047,3236,2561,3382,3652,3731,3804,4156,4315,3836,3368,3342,3615,3958,1918,1438,3535
2488,3795,3521,2852,892,2526,2586,2534,2156,2401,902,4101,951,2306,3660,2762,1938,1358,265,1910,2206,2434,3318,983,1142,1629,3497,2999,3331,3242,1773,2577,1243,3248,1125,1205,2823,415,3422,725,3473,1505,3709,2889,3097,443,2834,2118,3625,1613,1401,1205,1411,1002,835,1100,1061,3563,4086,3761,1788,1250,2220,2279,2445,2810,2121,1621,1524,1649,2684,2506,2954,3328,3363,3422,4080,3995,3821,4058,3964,4620,3982,4217,3961,3580,3877,783,2372,1576,3961,4290,4290,4015,4464,4841,1739,1954,3914,3239,3639,4330,4409,4482,4834,4993,4514,3271,4020,3519,3483,808,0,3080
1978,1507,796,799,2848,1062,799,2298,1533,1194,2720,1689,3137,1428,1767,2174,1539,2214,3497,2200,1970,1846,2103,2818,2657,3133,2030,947,1565,1268,2622,1719,2632,0,2629,3506,2222,3286,1429,2889,225,2498,1911,2288,1288,3475,2873,2814,376,1822,2135,3506,2647,2620,3183,3068,3203,1864,2136,1665,2734,2792,2434,2975,3141,3506,3399,3158,3347,1673,838,940,887,1486,1668,1429,1978,1749,1979,2215,2122,2866,2561,2862,1588,972,629,3305,3651,3703,1588,1917,1917,2124,2621,2971,3243,2551,1540,499,1244,1440,1518,1591,1943,2135,1665,2671,1170,2320,2692,2992,3622,2838
1553,2670,2396,2061,1641,1675,1795,2028,1238,1415,1048,2976,539,1181,2535,1903,1045,1478,898,785,1385,1576,2447,891,408,505,2627,2034,2206,2117,1186,1452,1858,2457,0,1338,1952,1131,2297,1217,2682,2077,2839,2018,1972,876,2603,2192,2833,802,1212,1338,1557,1148,1236,1141,1381,2606,3215,2805,1677,1139,1633,2353,2519,2884,2195,1702,1891,1239,1906,1757,2163,2664,2846,2297,3131,2902,3157,3393,3300,4044,3739,3988,3170,2789,3086,707,2446,2247,3170,3499,3499,3351,3800,4177,614,1843,3122,2448,2514,3539,3617,3690,3955,4023,3566,2400,3072,2648,2990,715,1163,2567
1283,3001,2326,1647,1295,1321,1381,2359,951,1196,1167,3308,1228,1109,2866,2235,733,661,1588,1475,1716,1907,2779,1580,1098,1194,2958,1794,2537,2449,1876,1784,1273,2043,690,0,2283,1732,2584,1336,2268,1308,3170,2349,2136,1566,2934,2874,2420,407,196,0,1094,1067,1926,1831,2071,2937,3546,3136,2366,1828,2180,3036,3202,3567,2884,2392,2580,444,1479,1301,1749,2123,2158,2584,3462,3233,2616,2852,2759,3503,2963,3198,2756,2375,2672,1396,3136,2936,2756,3085,3085,2810,3259,3636,1304,2411,2708,2034,2845,3125,3203,3276,3629,3788,3309,2731,2815,2979,3322,1405,1853,2898
2381,1592,1626,1940,3306,1806,2173,683,1936,1597,2734,1610,2225,1831,1246,572,2272,2898,2471,2603,1158,765,656,1758,1679,2591,835,1666,1237,1148,1229,1085,3434,2246,2086,3024,0,2748,1528,2903,2139,3300,1047,227,1604,2449,1258,1199,2291,2385,2795,3024,3243,2834,2114,1800,1902,901,1424,1099,1132,1491,1041,1360,1526,1891,1787,1765,1953,2475,2284,2366,2375,2974,3156,1528,1418,1333,3467,3704,3610,4354,4049,4350,3144,2763,2544,2302,2036,2309,3144,3473,3473,3661,4110,4487,2700,949,3096,1859,1544,3090,3011,2938,2586,2654,2312,484,2094,857,1074,1934,2736,976
2575,3882,3608,2939,1176,2613,2673,2740,2243,2488,1002,4188,701,2393,3747,2832,2025,1512,507,1997,2276,2505,3389,1054,1212,1716,3568,3086,3418,3329,1844,2664,1527,3335,1212,1292,2893,0,3509,880,3560,1788,3780,2960,3184,685,3040,2324,3712,1700,1488,1292,1511,1102,1077,1171,1303,3633,4156,3832,1859,1321,2290,2485,2651,3016,2327,1827,1766,1736,2771,2593,3041,3415,3450,3509,4151,4065,3908,4145,4051,4775,4137,4372,4048,3667,3965,533,2578,1919,4048,4377,4377,4102,4551,4928,1826,2025,4001,3326,3726,4417,4496,4569,4921,5080,4601,3342,4107,3590,3689,878,772,3286
1397,1147,436,956,2548,823,1190,1717,952,613,2421,1453,2556,847,1406,1593,1288,1915,2916,1619,1389,1265,1742,2237,2076,2809,1669,366,1204,907,2041,1138,2450,1001,2304,3207,1641,2986,0,2590,949,2316,1550,1707,707,2894,2292,2233,1100,1401,1811,3207,2348,2321,2602,2487,2622,1503,1775,1304,2153,2211,1853,2394,2560,2925,2818,2577,2766,1492,1301,1382,1392,1990,2172,0,1617,1388,2484,2720,2627,3370,3066,3367,2160,1696,1353,2724,3070,3122,2160,2489,2489,2677,3126,3503,2918,1970,2113,669,965,2164,2242,2315,2187,2254,1775,2090,1281,1960,2331,2411,3181,2257
2109,3446,3055,2376,529,2050,2110,2804,1689,1934,228,3752,877,1847,3311,2679,1462,632,938,1561,2160,2351,3223,1252,1184,1280,3402,2523,2982,2893,1962,2228,746,2772,776,856,2728,431,3073,0,2997,964,3614,2794,2748,1116,3288,2572,3149,1234,1022,856,737,328,1508,1503,1734,3382,3991,3581,2057,1519,2409,2734,2900,3265,2575,2083,2197,1173,2208,2030,2478,2852,2887,3073,3907,3678,3345,3582,3488,3895,3257,3492,3485,3104,3401,709,2827,2344,3485,3814,3814,3539,3988,4120,1390,2224,3438,2763,3290,3854,3933,4006,4358,4517,4038,3176,3544,3424,3766,1077,768,3343
2285,1323,759,1180,3228,1443,1180,2605,1840,1501,3101,1503,3444,1736,1730,2481,1920,2595,3804,2507,2277,2153,2066,3125,2964,3514,1993,1254,1528,1231,2929,2026,3013,833,3010,3887,2529,3666,1392,3270,0,2879,1874,2571,1596,3782,3180,3121,152,2203,2516,3887,3028,3001,3490,3375,3510,1827,2099,1628,3041,3099,2742,3283,3449,3813,3706,3465,3654,2054,1150,1321,841,1346,1528,1392,1941,1712,1839,2075,1982,2725,2421,2722,1363,748,404,3612,3958,4010,1363,1692,1692,1899,2481,2747,3624,2858,1315,462,1058,1215,1293,1366,1718,1910,1479,2868,984,2283,2655,3299,4003,3044
2147,3440,2729,2049,876,1724,1783,3209,1701,1946,1075,3736,1977,1859,3699,3084,1376,655,1948,2564,2566,2757,3629,2353,2187,2283,3808,2197,3387,2971,2965,2634,261,2446,1779,1861,3133,1441,2986,1244,2671,0,3843,3199,2539,2126,3784,3673,2822,1365,1285,1861,1002,975,2518,2604,2743,3787,4068,3597,3158,2620,3030,3834,4000,4365,3676,3183,3206,1022,1859,1682,2151,2504,2538,2986,3910,3681,2997,3161,3140,3453,2815,3051,3159,2778,3075,1809,3927,3274,3159,3488,3488,3191,3552,3678,2393,3261,3111,2437,3258,3528,3606,3679,4031,4191,3712,3581,3217,3829,4172,2177,1697,3748
2871,747,1103,2330,4022,2296,2330,1544,2425,2087,3595,754,3086,2321,561,1433,2762,3388,3332,3093,1848,1525,925,2619,2539,3452,212,1839,1228,1139,2090,1775,3924,1896,2947,3885,1214,3609,1519,3764,1681,3790,0,896,2181,3310,2119,2059,1832,2875,3284,3885,3822,3695,2975,2660,2763,378,446,378,1993,2352,1902,2221,2387,2752,2647,2626,2814,2965,2370,2471,2418,3017,3199,1519,370,476,3510,3746,3653,4397,4092,4393,3044,2428,2085,3162,2897,3170,3044,3373,3373,3580,4152,4428,3561,1810,2996,1401,920,2042,1964,1891,1539,1607,1264,1193,1309,509,887,2794,3597,1276
2421,1440,1475,1980,3346,1846,2213,723,1976,1637,2774,1458,2265,1871,1094,612,2312,2938,2512,2643,1198,805,505,1798,1719,2631,684,1707,1085,996,1269,1125,3474,2094,2126,3064,393,2788,1376,2943,1988,3340,896,0,1644,2489,1299,1239,2139,2425,2835,3064,3283,2874,2155,1840,1942,749,1272,948,1172,1531,1081,1401,1567,1931,1827,1805,1994,2516,2325,2406,2415,3014,3196,1376,1266,1181,3507,3744,3651,4394,4089,4391,3184,2735,2392,2342,2076,2350,3184,3513,3513,3701,4150,4527,2740,989,3137,1708,1392,2938,2860,2787,2435,2502,2160,569,1942,705,1088,1974,2777,1062
2955,1807,1842,2514,3653,2381,2748,1018,2510,2171,3081,1826,2572,2406,1462,919,2846,3473,2819,3177,1526,1217,872,2105,2026,2938,1051,2096,1452,1363,1576,1659,3892,2461,2433,3371,661,3095,1743,3250,2355,3875,1263,796,2179,2796,1182,1277,2506,2960,3369,3371,3590,3181,2462,2147,2249,1116,1373,1315,1479,1838,1388,1538,1704,2069,1965,2074,2263,3050,2859,2940,2921,3519,3701,1743,1568,1548,4012,4249,4156,4899,4594,4896,3678,3102,2759,2649,2214,2619,3678,4008,4008,4206,4655,5032,3047,1296,3631,2075,1760,3240,3161,3088,2736,2804,2462,364,2310,998,668,2281,3084,0
1449,1443,732,1008,2601,875,1242,1769,1004,665,2473,1749,2608,900,1376,1645,1340,1967,2968,1671,1441,1317,1585,2289,2128,2861,1613,418,1047,618,2093,1190,2502,1267,2357,3259,1693,3038,633,2642,1245,2369,1825,1759,0,2946,2344,2285,1396,1454,1863,3259,2400,2373,2654,2539,2674,1447,2071,1600,2205,2263,1906,2447,2613,2977,2870,2629,2818,1544,1353,1434,1444,2043,2225,633,1913,1684,2536,2772,2679,3422,3118,3419,2212,1831,1649,2776,3122,3174,2212,2542,2542,2730,3178,3555,2971,2022,2165,965,1261,2460,2538,2611,2482,2550,2071,2142,1577,1903,2289,2463,3233,2309
2612,3670,3396,3119,1327,2734,2853,2274,2297,2474,1201,3916,692,2240,3535,2406,2104,1760,170,1844,1850,2078,2963,628,787,1563,3142,3034,3206,3117,1418,2453,1678,3516,1059,1491,2467,670,3297,1128,3741,1939,3354,2533,2972,0,2574,1858,3892,1861,1687,1491,1710,1301,590,706,815,3207,3730,3406,1432,894,1864,2020,2186,2551,1861,1362,1278,1935,2964,2792,3221,3614,3648,3297,3724,3639,4107,4343,4250,4993,4385,4620,4228,3847,4145,524,2113,1572,4228,4558,4558,4301,4749,5127,1673,1599,4181,3507,3514,4598,4676,4749,4893,4960,4566,2915,4072,3163,3224,452,435,2821
3328,2991,2976,2887,3276,2754,3121,978,2883,2544,2949,2977,2440,2779,2651,1292,3219,3613,2293,3242,1899,1590,2061,1728,2049,2961,2145,2614,2641,2553,1599,2033,3627,3367,2457,3238,1522,2719,2877,2981,3489,3889,2244,1749,2552,2285,0,463,3640,3259,3434,3238,3457,3049,1723,1543,1498,2306,2297,2504,923,1578,1412,724,890,1254,1150,1259,1448,3423,3232,3313,3323,3922,4104,2877,2492,2720,4415,4651,4558,5301,4997,5298,4091,3710,3893,2272,1399,1804,4091,4421,4421,4609,5057,5435,3071,1106,4044,3209,2949,4164,4086,4013,3661,3729,3386,1451,3499,1923,1592,1904,2558,1189
2866,2764,2513,2425,2814,2291,2658,515,2421,2082,2486,2750,1977,2316,2424,830,2757,3151,1831,2779,1437,1127,1834,1266,1587,2499,1918,2151,2324,2235,1137,1570,3165,2904,1994,2776,1295,2256,2415,2518,3026,3426,2017,1522,2089,1822,815,0,3178,2797,2972,2776,2995,2586,1261,1081,1035,2079,2070,2277,461,1115,949,261,427,792,687,797,985,2961,2769,2851,2860,3459,3641,2415,2265,2493,3952,4189,4095,4839,4534,4835,3629,3248,3431,1809,937,1341,3629,3958,3958,4146,4595,4972,2608,644,3581,2746,2631,3937,3859,3786,3434,3502,3159,1224,3189,1696,1366,1441,2096,962
2386,1424,861,1368,3417,1631,1368,2707,1941,1602,3289,1604,3545,1837,1831,2582,2108,2783,3905,2608,2378,2254,2167,3226,3065,3702,2094,1355,1629,1332,3031,2127,3201,934,3198,4075,2630,3855,1493,3458,282,3067,1975,2672,1697,3883,3282,3222,0,2391,2704,4075,3216,3189,3592,3477,3611,1928,2200,1729,3142,3200,2843,3384,3550,3915,3808,3567,3755,2242,1407,1509,1124,1628,1810,1493,2042,1813,2121,2357,2264,3008,2703,3004,1645,1030,687,3713,4059,4111,1645,1974,1974,2182,2764,3029,3812,2959,1598,563,1159,1497,1576,1649,1991,2059,1580,2969,1085,2385,2756,3400,4170,3145
875,2594,2041,1362,1309,1036,1096,1952,544,788,1181,2900,1442,702,2459,1827,347,675,1801,1374,1308,1499,2371,1794,1311,1408,2550,1510,2130,2041,1960,1376,1287,1759,903,1967,1875,1747,2221,1350,1984,1323,2762,1942,1851,1779,2527,2467,2135,0,410,1967,1109,1081,2139,2044,2284,2530,3139,2729,2186,1965,1773,2629,2795,3160,2737,2496,2685,437,1207,1058,1464,1966,2148,2221,3055,2826,2459,2695,2602,3345,2956,3191,2471,2090,2388,1610,2989,3041,2471,2801,2801,2653,3101,3478,1517,2003,2424,1750,2438,2841,2919,2992,3344,3504,3025,2324,2530,2572,2914,1618,2066,2491
1087,2805,2253,1574,1520,1248,1308,2163,755,1000,1393,3111,1653,913,2670,2038,558,887,2013,1585,1520,1711,2583,2005,1523,1619,2762,1721,2341,2252,2172,1588,1499,1970,1114,2179,2087,1958,2432,1562,2195,1534,2974,2153,2063,1991,2738,2678,2346,211,0,2179,1320,1293,2351,2256,2495,2741,3350,2940,2397,2177,1984,2840,3006,3371,2949,2708,2896,648,1419,1270,1676,2177,2359,2432,3266,3037,2670,2906,2813,3557,3167,3402,2683,2302,2599,1821,3200,3252,2683,3012,3012,2864,3313,3690,1728,2215,2635,1961,2649,3052,3130,3203,3555,3715,3236,2535,2742,2783,3126,1829,2278,2702
1283,3001,2326,1647,1295,1321,1381,2359,951,1196,1167,3308,1228,1109,2866,2235,733,661,1588,1475,1716,1907,2779,1580,1098,1194,2958,1794,2537,2449,1876,1784,1273,2043,690,0,2283,1732,2584,1336,2268,1308,3170,2349,2136,1566,2934,2874,2420,407,196,0,1094,1067,1926,1831,2071,2937,3546,3136,2366,1828,2180,3036,3202,3567,2884,2392,2580,444,1479,1301,1749,2123,2158,2584,3462,3233,2616,2852,2759,3503,2963,3198,2756,2375,2672,1396,3136,2936,2756,3085,3085,2810,3259,3636,1304,2411,2708,2034,2845,3125,3203,3276,3629,3788,3309,2731,2815,2979,3322,1405,1853,2898
1372,3091,2400,1721,1369,1395,1455,2449,1034,1279,1241,3397,1318,1193,2956,2324,808,735,1678,1564,1805,1996,2868,1670,1188,1284,3047,1869,2627,2538,1966,1873,1347,2117,779,2027,2372,1807,2658,1410,2342,1383,3259,2439,2210,1656,3024,2964,2494,497,286,2027,0,1141,2016,1921,2160,3027,3636,3226,2456,1918,2270,3126,3292,3657,2974,2481,2670,518,1553,1375,1823,2197,2232,2658,3552,3323,2690,2927,2833,3577,3037,3273,2830,2449,2747,1486,3225,3026,2830,3159,3159,2884,3333,3710,1393,2500,2783,2108,2929,3199,3278,3351,3703,3862,3383,2821,2889,3069,3411,1494,1943,2988
1781,3476,2809,2129,693,1804,1864,2834,1443,1688,100,3782,1111,1601,3341,2709,1216,797,1173,1591,2190,2381,3253,1487,1214,1310,3432,2277,3012,2923,1992,2258,910,2526,806,886,2757,666,3066,269,2751,1129,3644,2824,2619,1351,3409,2807,2902,906,694,886,409,0,1743,1737,1968,3412,4021,3611,2292,1754,2438,2968,3134,3499,2810,2317,2431,927,1961,1784,2232,2606,2640,3066,3937,3708,3099,3335,3242,3986,3422,3657,3239,2858,3155,943,3061,2579,3239,3568,3568,3293,3741,4119,1420,2458,3191,2517,3320,3608,3686,3759,4111,4271,3792,3206,3298,3454,3796,1311,1002,3373
2812,3399,3125,2966,1727,2833,3054,1699,2498,2623,1566,3645,1057,2441,3264,2013,2305,2192,570,2045,1579,1807,2691,366,856,1764,2871,2763,2935,2846,1147,2181,2078,3445,1260,1856,2196,1070,3026,1560,3634,2340,3083,2262,2701,561,1999,1283,3785,2062,2052,1856,2075,1666,0,315,226,2936,3353,3135,1161,623,1593,1445,1611,1975,1286,786,833,2300,3165,3016,3402,3924,4013,3026,3453,3368,4417,4653,4560,5303,4817,5052,4170,3789,4038,889,1537,1141,4170,4499,4499,4611,5059,5436,1874,1328,4123,3353,3243,4539,4618,4691,4621,4689,4295,2475,3801,2892,2648,521,835,2245
2717,3084,2810,2651,1799,2518,2885,1579,2403,2308,1471,3330,962,2346,2949,1820,2210,2135,885,1950,1264,1492,2377,251,761,1669,2556,2448,2620,2531,832,1867,2150,3131,1165,1761,1881,1241,2711,1503,3319,2411,2768,1947,2386,851,1879,1163,3470,1967,1957,1761,1980,1571,315,0,250,2621,3144,2820,846,309,1278,1325,1491,1856,1166,667,855,2205,2996,2921,3087,3686,3868,2711,3138,3053,4179,4415,4322,5065,4724,4959,3855,3474,3723,794,1418,1211,3855,4185,4185,4373,4821,5198,1779,1013,3808,3039,2928,4224,4303,4376,4307,4375,3980,2329,3486,2577,2529,426,1150,2126
2901,3186,2912,2754,1953,2620,2987,1473,2586,2411,1711,3433,1202,2529,3052,1787,2393,2375,796,2133,1366,1595,2479,490,940,1853,2658,2551,2723,2634,934,1969,2304,3233,1348,2000,1983,1296,2814,1743,3421,2566,2870,2050,2488,787,1773,1057,3573,2150,2197,2000,2219,1811,226,250,0,2724,3127,2922,949,411,1381,1219,1385,1750,1060,560,749,2444,3098,3105,3189,3788,3970,2814,3241,3155,4281,4517,4424,5168,4863,5164,3958,3577,3826,1034,1311,1066,3958,4287,4287,4475,4924,5301,1962,1115,3910,3141,3030,4327,4405,4478,4409,4477,4083,2249,3588,2680,2422,666,1061,2019
2526,703,960,2085,3677,1951,2186,1397,2081,1742,3448,709,2939,1976,371,1286,2417,3043,3185,2748,1470,1160,560,2472,2393,3305,166,1495,850,761,1943,1397,3579,1752,2800,3738,1067,3462,1142,3617,1537,3445,378,749,1836,3163,1972,1913,1689,2530,2940,3738,3477,3449,2828,2514,2616,0,754,199,1846,2205,1755,2075,2241,2605,2501,2479,2667,2620,2226,2328,2274,2873,3055,1142,661,432,3366,3602,3509,4253,3948,4249,2900,2285,1941,3016,2750,3023,2900,3229,3229,3436,4009,4284,3414,1663,2852,1257,777,2191,2113,2040,1688,1756,1413,1046,1219,457,842,2648,3450,1230
3096,972,1329,2556,4247,2522,2556,1920,2651,2312,3971,947,3462,2546,786,1809,2987,3614,3708,3318,2185,1902,1301,2995,2916,3828,588,2065,1566,1452,2466,2113,4149,2122,3323,4261,1590,3985,1771,4140,1906,4016,377,1272,2407,3686,2180,2070,2058,3100,3510,4261,4047,4020,3331,3037,3106,754,0,604,2369,2728,2278,2332,2498,2862,2758,2867,3056,3191,2595,2697,2644,3242,3424,1771,462,702,3736,3972,3879,4622,4318,4619,3269,2654,2311,3539,3007,3412,3269,3599,3599,3806,4378,4653,3937,2186,3222,1626,1145,2134,2056,1983,1631,1699,1356,1540,1483,569,828,3171,3973,1217
2628,504,860,2087,3779,2053,2087,1596,2182,1844,3647,511,3138,2078,318,1485,2519,3145,3384,2850,1669,1359,759,2671,2591,3504,365,1596,1049,960,2142,1596,3681,1653,2999,3937,1266,3661,1302,3816,1438,3547,395,948,1938,3362,2171,2112,1590,2632,3041,3937,3579,3551,3027,2712,2815,199,620,0,2045,2404,1954,2273,2439,2804,2699,2678,2866,2722,2127,2228,2175,2774,2956,1302,462,233,3267,3503,3410,4154,3849,4150,2801,2185,1842,3215,2949,3222,2801,3130,3130,3337,3909,4185,3613,1862,2753,1158,677,1993,1914,1841,1489,1557,1215,1245,1066,655,1041,2847,3649,1429
2936,2928,2654,2496,2353,2362,2729,1302,2491,2152,2025,3175,1516,2387,2793,1617,2579,2690,1518,2318,1108,1337,2221,805,1126,2038,2400,2292,2465,2376,676,1711,2704,2975,1533,2315,1725,1795,2556,2057,3163,2965,2612,1791,2230,1496,1602,886,3315,2336,2511,2315,2534,2125,1161,846,949,2465,2957,2664,0,654,488,1048,1214,1579,889,712,900,2759,2840,2922,2931,3530,3712,2556,2982,2897,4023,4259,4166,4910,4605,4906,3700,3319,3567,1348,1141,1256,3700,4029,4029,4217,4665,5043,2147,183,3652,2883,2772,4069,4147,4220,4151,4219,3825,2078,3330,2422,2252,980,1783,1849
2490,2775,2501,2343,1815,2209,2576,1585,2175,2000,1487,3022,979,2118,2641,1512,1982,2152,980,1722,955,1184,2068,267,529,1442,2247,2140,2312,2223,523,1558,2166,2822,937,1777,1572,1257,2403,1519,3010,2428,2459,1639,2077,958,1885,1169,3162,1739,1973,1777,1996,1587,623,309,411,2313,2836,2511,654,0,970,1331,1497,1862,1172,680,868,2176,2687,2694,2778,3377,3559,2403,2830,2744,3870,4106,4013,4757,4452,4753,3547,3166,3415,811,1424,1224,3547,3876,3876,4064,4513,4890,1551,821,3499,2730,2619,3916,3994,4067,3998,4066,3672,2021,3177,2269,2535,443,1245,2132
2789,2780,2506,2348,2326,2214,2581,1378,2343,2005,1968,3027,1458,2239,2646,1517,2365,2663,1491,2105,960,1189,2073,778,912,1824,2252,2144,2317,2228,528,1563,2677,2827,1320,2257,1577,1768,2408,2030,3015,2938,2464,1644,2082,1469,1678,962,3167,2122,2454,2257,2476,2068,1134,819,922,2318,2840,2516,414,511,0,1124,1290,1654,965,785,973,2559,2692,2774,2783,3382,3564,2408,2835,2749,3875,4111,4018,4762,4457,4758,3552,3171,3420,1321,1216,1329,3552,3881,3881,4069,4518,4895,1934,231,3504,2735,2624,3921,3999,4072,4003,4071,3677,2026,3182,2274,2327,953,1756,1924
3028,2950,2676,2587,2976,2454,2821,678,2583,2244,2648,3011,2140,2478,2686,992,2919,3313,1993,2942,1599,1289,2096,1428,1749,2661,2180,2314,2486,2397,1299,1732,3327,3067,2157,2938,1492,2418,2577,2680,3189,3589,2279,1718,2252,1984,978,262,3340,2959,3134,2938,3157,2748,1423,1243,1197,2340,2332,2539,623,1278,1112,0,166,531,850,959,1148,3123,2932,3013,3023,3621,3803,2577,2527,2755,4115,4351,4258,5001,4697,4998,3791,3410,3593,1972,1099,1504,3791,4120,4120,4309,4757,5134,2771,806,3744,2909,2794,4160,4121,4048,3696,3763,3421,1454,3352,1958,1627,1604,2258,1224
3194,3116,2842,2753,3142,2620,2987,844,2749,2410,2814,3177,2306,2644,2852,1158,3085,3479,2159,3108,1765,1455,2262,1594,1915,2827,2346,2480,2652,2563,1465,1898,3493,3233,2323,3104,1658,2584,2743,2846,3355,3755,2445,1884,2418,2150,1144,428,3506,3125,3300,3104,3323,2914,1589,1409,1363,2506,2498,2705,789,1444,1278,166,0,365,1016,1125,1314,3289,3098,3179,3189,3787,3969,2743,2693,2921,4281,4517,4424,5167,4863,5164,3957,3576,3759,2138,1265,1670,3957,4286,4286,4475,4923,5300,2937,972,3910,3075,2960,4326,4287,4214,3862,3929,3587,1620,3518,2124,1793,1770,2424,1390
3559,3481,3206,3118,3507,2985,3351,1209,3114,2775,3179,3542,2671,3009,3216,1523,3450,3844,2524,3473,2130,1820,2627,1959,2280,3192,2711,2845,3017,2928,1830,2263,3858,3597,2687,3469,2022,2949,3108,3211,3720,4119,2809,2249,2783,2515,1508,793,3871,3490,3665,3469,3688,3279,1954,1774,1728,2871,2863,3070,1154,1808,1642,531,365,0,1380,1490,1678,3654,3463,3544,3554,4152,4334,3108,3058,3286,4645,4882,4789,5532,5228,5529,4322,3941,4124,2503,1630,2034,4322,4651,4651,4839,5288,5665,3302,1337,4275,3440,3325,4691,4651,4578,4226,4294,3952,1985,3882,2488,2158,2135,2789,1755
3341,3333,3059,2900,2655,2767,3134,1110,2896,2557,2327,3444,1819,2792,3118,1424,2918,2992,1629,2658,1513,1722,2528,1107,1465,2377,2613,2697,2869,2780,1081,2116,3006,3380,1872,2617,1924,2097,2960,2359,3568,3267,2711,2151,2635,1620,1410,694,3719,2675,2813,2617,2836,2427,1059,879,833,2773,2765,2972,629,956,1118,856,1022,1387,0,595,783,3061,3245,3326,3336,3935,4117,2960,2959,3187,4428,4664,4571,5314,5010,5311,4104,3723,3972,1650,252,1139,4104,4434,4434,4622,5070,5447,2486,812,4057,3288,3177,4473,4552,4480,4128,4196,3854,1886,3735,2390,2060,1283,1894,1657
3065,3056,2782,2624,2378,2490,2857,1224,2620,2281,2051,3303,1542,2515,2922,1538,2641,2715,1345,2381,1236,1465,2349,830,1188,2100,2528,2421,2593,2504,804,1839,2730,3103,1596,2340,1853,1821,2684,2083,3291,2991,2740,1920,2358,1336,1524,808,3443,2398,2536,2340,2559,2151,775,595,549,2594,2878,2792,712,680,1183,970,1136,1500,811,0,189,2784,2968,3050,3059,3658,3840,2684,3073,3025,4151,4387,4294,5038,4733,5034,3828,3447,3696,1374,1062,545,3828,4157,4157,4345,4794,5171,2210,878,3780,3011,2900,4197,4275,4348,4242,4309,3953,2000,3458,2504,2173,1006,1610,1770
3253,3245,2971,2812,2416,2679,3046,1412,2808,2469,2239,3491,1730,2704,3110,1726,2830,2881,1259,2569,1425,1653,2538,1019,1377,2289,2717,2609,2781,2692,993,2028,2767,3292,1784,2529,2042,1759,2872,2249,3480,3029,2929,2108,2547,1250,1712,996,3631,2587,2725,2529,2748,2339,833,784,738,2782,3067,2981,900,868,1372,1158,1324,1689,999,189,0,2973,3157,3238,3248,3847,4028,2872,3262,3214,4340,4576,4483,5226,4922,5223,4016,3635,3884,1562,1251,356,4016,4345,4345,4534,4982,5359,2398,1067,3969,3200,3089,4385,4464,4537,4430,4498,4141,2188,3647,2692,2362,1194,1524,1959
1250,2615,1904,1225,1174,899,959,2312,804,1049,1047,2911,1494,962,2819,2187,552,541,1854,1734,1668,1859,2731,1846,1364,1460,2910,1372,2490,2146,2142,1736,1075,1621,956,1833,2235,1612,2162,1216,1846,941,3018,2302,1714,1832,2887,2827,1998,468,462,1833,974,947,2192,2097,2337,2890,3243,2773,2546,2094,2133,2989,3155,3520,3097,2658,2846,0,1035,857,1327,1679,1714,2162,3085,2856,2172,2409,2315,3059,2519,2754,2334,1953,2250,1662,3349,3202,2334,2663,2663,2366,2815,3192,1570,2363,2287,1612,2433,2703,2781,2854,3207,3366,2887,2684,2393,2932,3274,1671,1949,2851
1524,1977,1266,788,2119,480,139,2286,1079,740,1992,2159,2439,974,2237,2162,957,1486,2799,1746,1681,1834,2573,2364,2203,2405,2499,935,2035,1709,2333,1707,1904,792,1901,2778,2210,2557,1724,2161,1017,1770,2381,2277,1277,2777,2862,2802,1168,1241,1407,2778,1919,1892,2729,2614,2749,2334,2606,2135,2558,2338,2145,2964,3130,3494,3110,2869,3057,945,0,212,335,758,940,1724,2448,2218,1251,1488,1394,2138,1833,2135,1505,1124,1421,2607,3361,3413,1505,1834,1834,1445,1894,2271,2515,2376,1457,969,1714,1874,1952,2025,2377,2569,2134,2659,1640,2790,3162,2538,2894,2826
1462,2135,1424,744,1907,419,347,2243,1017,678,1780,2376,2227,913,2394,2119,896,1274,2587,1684,1619,1791,2633,2302,2097,2193,2657,892,2095,1666,2271,1664,1692,1009,1689,2566,2167,2345,1681,1949,1234,1558,2538,2233,1234,2565,2818,2759,1385,1146,1195,2566,1707,1680,2668,2553,2687,2491,2763,2292,2497,2276,2083,2920,3086,3451,3048,2807,2996,733,375,0,710,1133,1234,1681,2605,2376,1626,1862,1769,2513,2047,2282,1722,1341,1638,2395,3300,3352,1722,2051,2051,1820,2269,2646,2303,2314,1674,1132,1931,2091,2169,2242,2594,2786,2352,2616,1857,2864,3206,2404,2682,2783
1765,2026,1315,836,2414,721,434,2335,1319,981,2286,2207,2734,1215,2285,2210,1198,1780,3093,1987,1921,1883,2621,2604,2444,2700,2548,984,2083,1758,2573,1756,2198,840,2195,3072,2259,2852,1773,2455,1065,2064,2429,2325,1325,3071,2910,2850,1217,1481,1702,3072,2214,2186,2970,2855,2989,2382,2654,2183,2770,2578,2386,3012,3178,3543,3350,3109,3298,1240,335,507,0,599,781,1773,2496,2267,1092,1328,1235,1979,1674,1975,1553,1172,1470,2902,3602,3654,1553,1882,1882,1286,1734,2112,2809,2588,1506,1017,1762,1922,2001,2074,2426,2617,2183,2707,1689,2839,3210,2778,3188,2874
2282,2622,1911,1432,2878,1238,897,2931,1837,1498,2750,2803,3197,1732,2881,2807,1715,2244,3557,2504,2439,2479,3217,3122,2961,3163,3144,1580,2679,2354,3091,2352,2662,1436,2659,3536,2855,3315,2369,2919,1661,2528,3025,2921,1921,3535,3506,3446,1813,1999,2165,3536,2677,2650,3487,3372,3507,2978,3250,2779,3317,3096,2903,3608,3774,4139,3868,3627,3815,1703,758,970,596,0,182,2369,3092,2863,493,729,636,1380,1075,1376,1494,1768,2066,3365,4119,4171,1494,1801,1801,687,1136,1513,3273,3134,1424,1613,2358,2518,2597,2670,3022,3213,2779,3303,2285,3435,3806,3296,3652,3470
2440,2804,2093,1614,2788,1396,1055,3113,1995,1656,2660,2985,3108,1890,3063,2988,1873,2154,3467,2662,2597,2661,3399,3280,2978,3074,3326,1762,2861,2536,3249,2534,2572,1618,2569,3446,3037,3226,2551,2829,1843,2438,3207,3103,2103,3445,3688,3628,1995,2027,2076,3446,2588,2560,3645,3530,3665,3160,3432,2961,3475,3254,3061,3790,3956,4321,4026,3785,3973,1614,916,1128,778,182,0,2551,3274,3045,675,911,818,1562,1257,1526,1676,1950,2248,3276,4277,4329,1676,1983,1983,869,1318,1695,3183,3292,1606,1795,2540,2700,2779,2852,3204,3395,2961,3485,2467,3617,3988,3284,3562,3652
1397,1147,436,956,2548,823,1190,1717,952,613,2421,1453,2556,847,1406,1593,1288,1915,2916,1619,1389,1265,1742,2237,2076,2809,1669,366,1204,907,2041,1138,2450,1001,2304,3207,1641,2986,0,2590,949,2316,1550,1707,707,2894,2292,2233,1100,1401,1811,3207,2348,2321,2602,2487,2622,1503,1775,1304,2153,2211,1853,2394,2560,2925,2818,2577,2766,1492,1301,1382,1392,1990,2172,0,1617,1388,2484,2720,2627,3370,3066,3367,2160,1696,1353,2724,3070,3122,2160,2489,2489,2677,3126,3503,2918,1970,2113,669,965,2164,2242,2315,2187,2254,1775,2090,1281,1960,2331,2411,3181,2257
3042,791,1275,2502,4194,2468,2502,1914,2597,2258,3965,484,3456,2493,733,1803,2933,3560,3702,3264,2131,1896,1287,2989,2910,3822,582,2011,1512,1398,2460,2059,4096,2068,3317,4255,1584,3979,1717,4134,1853,3962,370,1266,2353,3680,2375,2265,2004,3047,3456,4255,3993,3966,3345,3031,3133,748,467,550,2363,2722,2272,2526,2692,3057,2953,2996,3184,3137,2541,2643,2590,3189,3371,1717,0,648,3682,3918,3825,4568,4264,4565,3216,2600,2257,3533,3202,3541,3216,3545,3545,3752,4324,4599,3931,2180,3168,1573,1074,1672,1594,1521,1169,1236,894,1563,1021,764,1023,3165,3968,1411
2726,285,958,2185,3877,2151,2185,1829,2280,1942,3749,277,3371,2176,416,1718,2617,3243,3617,2948,1815,1592,970,2904,2825,3737,598,1694,1195,1081,2375,1742,3779,1751,3232,4170,1499,3894,1400,3918,1536,3645,479,1181,2036,3595,2404,2345,1687,2730,3139,4170,3677,3649,3260,2946,3048,432,704,233,2278,2637,2187,2506,2672,3037,2933,2911,3099,2820,2225,2326,2273,2872,3054,1400,546,0,3365,3601,3508,4252,3947,4248,2899,2283,1940,3448,3182,3455,2899,3228,3228,3435,4007,4283,3846,2095,2851,1256,568,1759,1681,1608,1256,1324,982,1478,941,889,1260,3080,3882,1649
2792,3132,2421,1942,3387,1748,1407,3441,2347,2008,3260,3313,3707,2242,3391,3316,2225,2754,4067,3014,2949,2989,3727,3632,3471,3673,3654,2090,3189,2864,3601,2862,3172,1946,3169,4046,3365,3825,2879,3429,2171,3038,3535,3431,2431,4045,4016,3956,2323,2509,2675,4046,3187,3160,3997,3882,4017,3488,3760,3289,3827,3606,3413,4118,4284,4649,4378,4137,4325,2213,1268,1480,1106,510,681,2879,3602,3373,0,236,346,1090,582,883,1701,2086,2576,3875,4629,4681,1701,2008,2008,894,1189,1315,3783,3644,1631,2123,2868,3028,3107,3180,3532,3723,3289,3813,2795,3945,4316,3806,4162,3980
3028,3368,2657,2178,3611,1985,1644,3677,2583,2244,3496,3550,3944,2479,3628,3553,2462,2990,4303,3250,3185,3225,3963,3868,3707,3909,3890,2326,3425,3100,3837,3098,3313,2183,3405,4282,3601,4062,3115,3665,2408,3052,3771,3667,2668,4281,4252,4193,2559,2745,2911,4282,3423,3396,4234,4118,4253,3724,3996,3526,4063,3842,3649,4354,4520,4885,4614,4373,4562,2449,1504,1716,1342,746,917,3115,3838,3609,236,0,583,983,346,647,1937,2322,2812,4112,4866,4918,1937,2244,2244,1130,1082,1208,4019,3880,1867,2359,3105,3265,3343,3416,3768,3960,3525,4050,3031,4181,4553,4042,4398,4217
2919,3259,2548,2069,3514,1875,1534,3568,2474,2135,3387,3440,3834,2369,3518,3443,2352,2881,4194,3141,3076,3116,3854,3759,3598,3800,3781,2217,3316,2991,3728,2989,3299,2073,3296,4173,3492,3952,3006,3556,2298,3165,3662,3558,2558,4172,4143,4083,2450,2636,2802,4173,3314,3287,4124,4009,4144,3615,3887,3416,3953,3733,3540,4245,4411,4776,4505,4264,4452,2340,1395,1607,1233,637,808,3006,3729,3500,358,595,0,744,940,1108,1828,2213,2703,4002,4756,4808,1828,2135,2135,1021,842,968,3910,3771,1758,2250,2995,3155,3234,3307,3659,3850,3416,3940,2922,4072,4443,3933,4289,4107
3662,4002,3291,2813,3827,2619,2278,4311,3217,2878,4024,4184,4578,3113,4262,4187,3096,3605,4899,3884,3819,3859,4598,4502,4341,4544,4524,2960,4059,3734,4471,3732,3529,2817,4039,4810,4235,4392,3749,4193,2908,3268,4406,4302,3302,4915,4886,4827,2709,3379,3546,4810,3951,3924,4868,4753,4887,4358,4631,4160,4697,4476,4283,4989,5155,5519,5248,5007,5196,3084,2139,2351,1977,1380,1551,3749,4472,4243,1102,1085,744,0,739,456,1750,2134,2990,4746,5500,5552,1750,2056,2056,1019,384,355,4653,4514,1679,2994,3739,3144,3222,3295,3648,3707,4059,4684,3665,4815,5187,4676,4648,4851
3374,3714,3003,2524,3265,2330,1989,4023,2929,2590,3351,3895,4013,2824,3973,3898,2807,2932,4337,3596,3531,3571,4309,4214,3883,3979,4236,2672,3771,3446,4183,3444,2968,2528,3475,4137,3947,3830,3461,3520,2753,2706,4117,4013,3013,4351,4598,4538,2905,2932,2981,4137,3278,3251,4579,4464,4599,4070,4342,3871,4409,4188,3995,4700,4866,5231,4960,4719,4907,2519,1850,2062,1688,1092,1263,3461,4184,3955,582,346,647,638,0,301,2179,2564,3158,4182,5211,5263,2179,2485,2485,1372,737,862,4089,4226,2109,2705,3450,3573,3652,3725,4077,4215,3871,4395,3377,4527,4898,4190,4087,4562
3930,4450,3600,3130,3640,2830,2470,4720,3580,3060,3990,5100,4520,3320,4520,4660,3240,3270,4810,4800,5250,5010,5120,5003,4400,4600,5200,3600,4500,4100,5900,4100,3300,3400,4000,3500,4600,4200,3700,3800,3400,3100,5100,4700,4100,4800,4900,5200,3200,3500,3600,3500,3600,3400,5400,5700,5700,4900,4800,4700,5300,5300,5100,5400,5700,5700,5800,5800,5900,3100,2400,2600,2200,1700,1600,4100,5200,4600,939,939,990,471,321,0,2300,2600,3400,4400,6000,5900,2200,2600,2800,1500,790,713,4600,5100,2100,3400,4100,4200,4200,4200,4300,4100,4500,5000,4100,5200,5600,4900,4500,5300
2649,2439,1865,1470,3508,1733,1470,2969,2204,1865,3380,2619,3808,2099,2835,2845,2210,2874,4168,2871,2641,2517,3171,3489,3328,3793,3098,1618,2633,2336,3293,2390,3292,1237,3289,4166,2893,3945,2407,3549,1297,3158,2979,2959,1959,4145,3544,3484,1098,2493,2795,4166,3307,3280,3854,3739,3873,2932,3204,2733,3405,3462,3105,3646,3812,4177,4070,3829,4017,2333,1421,1600,1112,1161,1343,2407,3046,2817,1654,1890,1797,2005,2236,2369,0,523,1379,3976,4322,4374,0,1507,1507,1715,2027,1960,3903,3222,1131,1567,2174,1533,1611,1684,2037,2153,2448,3341,2100,3389,3760,3663,4282,3508
2299,2186,1515,1121,3158,1383,1121,2620,1854,1515,3030,2366,3459,1750,2486,2495,1860,2524,3818,2522,2292,2167,2822,3139,2978,3444,2748,1268,2284,1987,2944,2040,2942,888,2939,3816,2543,3596,2058,3199,1044,2808,2630,2610,1610,3796,3195,3135,764,2144,2446,3816,2958,2930,3505,3390,3524,2583,2855,2384,3055,3113,2756,3297,3463,3828,3721,3480,3668,1984,1072,1251,763,812,994,2058,2697,2467,1305,1541,1448,2191,1887,2188,794,0,1045,3627,3972,4024,794,1158,1158,1365,1947,2213,3553,2872,781,1218,1921,1280,1359,1432,1784,1975,2195,2992,1847,3039,3411,3313,3933,3159
2231,1717,1153,1053,3101,1315,1053,2552,1786,1447,2973,1896,3391,1682,2124,2427,1792,2467,3750,2453,2224,2099,2460,3071,2910,3387,2386,1200,1921,1625,2876,1972,2885,820,2882,3759,2475,3539,1785,3142,575,2751,2267,2542,1542,3728,3127,3067,294,2076,2389,3759,2901,2873,3437,3322,3456,2220,2492,2022,2987,3045,2688,3229,3395,3760,3653,3412,3600,1927,1023,1194,714,941,1123,1785,2334,2105,1434,1671,1578,2321,2016,2318,958,343,0,3559,3904,3956,958,1288,1288,1495,2077,2342,3496,2804,911,856,1452,811,889,962,1314,1506,1726,2924,1378,2677,3049,3245,3876,3091
2249,3556,3282,2613,1004,2287,2347,2279,1917,2162,677,3832,168,2067,3421,2322,1700,1341,551,1671,1766,1994,2879,544,702,1391,3058,2761,3092,3003,1334,2339,1356,3010,886,966,2383,447,3183,709,3234,1617,3270,2449,2858,529,2579,1863,3386,1374,1163,966,1185,777,889,794,1034,3123,3646,3322,1348,811,1780,2025,2191,2556,1866,1374,1562,1410,2445,2268,2715,3089,3124,3183,3640,3555,3583,3819,3726,4469,3930,4165,3722,3341,3639,0,2118,1919,3722,4052,4052,3777,4225,4602,1500,1515,3675,3000,3400,4092,4170,4243,4595,4755,4276,2831,3781,3079,3229,368,783,2826
3593,3584,3310,3152,2906,3018,3385,1362,3148,2809,2579,3695,2070,3043,3370,1676,3169,3243,1880,2909,1765,1973,2780,1358,1716,2628,2864,2949,3121,3032,1332,2367,3258,3631,2124,2868,2175,2349,3212,2611,3819,3519,2963,2402,2886,1872,1662,946,3971,2926,3065,2868,3087,2679,1311,1131,1085,3024,3016,3223,881,1208,1369,1107,1273,1638,252,846,1035,3312,3496,3578,3587,4186,4368,3212,3211,3439,4679,4916,4822,5566,5261,5562,4356,3975,4224,1902,0,1391,4356,4685,4685,4873,5322,5699,2738,1064,4308,3539,3428,4725,4803,4732,4379,4447,4105,2138,3986,2641,2311,1534,2145,1908
3609,3601,3327,3168,2469,3035,3402,1768,3164,2825,2479,3847,2087,3060,3466,2083,3186,2934,1412,2926,1781,2009,2894,1375,1733,2645,3073,2965,3137,3048,1349,2384,2820,3648,2140,2782,2398,1913,3228,2302,3836,3081,3285,2464,2903,1543,2068,1352,3987,2943,2978,2782,2987,2579,1141,1140,1066,3138,3423,3337,1256,1224,1728,1514,1680,2045,1355,545,356,3225,3513,3594,3604,4203,4385,3228,3618,3570,4696,4932,4839,5582,5278,5579,4372,3991,4240,1919,1607,0,4372,4702,4702,4890,5338,5715,2754,1423,4325,3556,3445,4741,4820,4893,4786,4854,4497,2544,4003,3048,2718,1551,1576,2315
2649,2439,1865,1470,3508,1733,1470,2969,2204,1865,3380,2619,3808,2099,2835,2845,2210,2874,4168,2871,2641,2517,3171,3489,3328,3793,3098,1618,2633,2336,3293,2390,3292,1237,3289,4166,2893,3945,2407,3549,1297,3158,2979,2959,1959,4145,3544,3484,1098,2493,2795,4166,3307,3280,3854,3739,3873,2932,3204,2733,3405,3462,3105,3646,3812,4177,4070,3829,4017,2333,1421,1600,1112,1161,1343,2407,3046,2817,1654,1890,1797,2005,2236,2369,0,523,1379,3976,4322,4374,0,1507,1507,1715,2027,1960,3903,3222,1131,1567,2174,1533,1611,1684,2037,2153,2448,3341,2100,3389,3760,3663,4282,3508
3097,2887,2313,1918,3956,2181,1918,3417,2652,2313,3828,3067,4256,2547,3283,3293,2658,3322,4616,3319,3089,2965,3619,3937,3776,4241,3546,2066,3081,2784,3741,2838,3740,1685,3737,4614,3341,4394,2855,3997,1745,3606,3427,3407,2407,4594,3992,3933,1546,2941,3243,4614,3755,3728,4302,4187,4322,3380,3652,3181,3853,3911,3553,4094,4260,4625,4518,4277,4466,2781,1869,2048,1560,1609,1791,2855,3494,3265,2102,2339,2245,2592,2684,2956,587,971,1827,4424,4770,4822,587,0,0,2163,2614,2546,4351,3670,376,2015,2622,1981,2060,2133,2485,2676,2896,3790,2548,3837,4208,4111,4730,3957
3097,2887,2313,1918,3956,2181,1918,3417,2652,2313,3828,3067,4256,2547,3283,3293,2658,3322,4616,3319,3089,2965,3619,3937,3776,4241,3546,2066,3081,2784,3741,2838,3740,1685,3737,4614,3341,4394,2855,3997,1745,3606,3427,3407,2407,4594,3992,3933,1546,2941,3243,4614,3755,3728,4302,4187,4322,3380,3652,3181,3853,3911,3553,4094,4260,4625,4518,4277,4466,2781,1869,2048,1560,1609,1791,2855,3494,3265,2102,2339,2245,2592,2684,2956,587,971,1827,4424,4770,4822,587,0,0,2163,2614,2546,4351,3670,376,2015,2622,1981,2060,2133,2485,2676,2896,3790,2548,3837,4208,4111,4730,3957
2969,3108,2533,2119,3565,1925,1585,3618,2524,2185,3437,3288,3885,2420,3504,3494,2402,2931,4244,3191,3126,3166,3840,3809,3648,3850,3767,2267,3302,3005,3778,3039,3349,1906,3346,4223,3542,4003,3056,3606,1966,3215,3648,3608,2608,4222,4193,4134,1767,2686,2852,4223,3364,3337,4174,4059,4194,3601,3873,3402,4004,3783,3590,4295,4461,4826,4555,4314,4502,2390,1445,1657,1283,687,869,3056,3715,3486,877,1113,1020,1019,1459,1384,807,1192,2048,4053,4807,4858,807,1114,1114,0,635,1012,3960,3821,737,2236,2843,2202,2280,2353,2705,2897,3117,3991,2769,4057,4429,3983,4339,4158
3418,3743,3046,2568,4013,2374,2033,4067,2973,2634,3885,3923,4333,2868,4017,3942,2851,3379,4693,3640,3574,3614,4353,4257,4097,4299,4280,2715,3815,3489,4227,3487,3797,2541,3794,4671,3991,4451,3505,4055,2601,3561,4161,4057,3057,4671,4642,4582,2402,3135,3301,4671,3813,3785,4623,4508,4642,4114,4386,3915,4452,4231,4039,4744,4910,5275,5004,4762,4951,2839,1894,2106,1732,1136,1318,3505,4228,3999,1201,1378,842,384,1032,749,1442,1827,2683,4501,5255,5307,1442,1749,1749,635,0,377,4408,4269,1372,2749,3478,2837,2915,2988,3340,3532,3752,4439,3404,4570,4942,4431,4788,4606
4978,4797,4222,3828,5273,3934,3593,5326,4533,4194,5446,4976,5893,4428,5193,5202,4411,4940,6253,5200,4998,4874,5528,5818,5657,5859,5455,3975,4990,4693,5650,4747,4975,3595,5355,6232,5250,5838,4764,5615,3655,4714,5336,5317,4317,6231,5901,5842,3455,4695,4861,6232,5373,5345,6183,6068,6202,5289,5561,5091,5762,5791,5463,6004,6170,6534,6427,6186,6375,4399,3454,3666,3292,2696,2878,4764,5403,5174,2509,2531,2151,1538,2185,1902,2496,2881,3736,6061,6679,6731,2496,2803,2803,2170,1560,0,5969,5579,2426,3924,4531,3890,3969,4042,4394,4437,4801,5699,4458,5746,6118,5992,6094,5866
1120,2178,1904,1644,2187,1184,1550,1536,858,924,1594,2485,1085,690,2043,1412,1297,1905,1444,427,893,1084,1956,1045,884,110,2135,1542,1715,1626,1026,961,2404,2124,946,1884,1460,1676,1806,1763,2312,2552,2347,1526,1480,1422,2111,2052,2463,1233,1643,1884,2103,1694,1411,1295,1430,2115,2723,2313,1673,1019,1357,2213,2379,2744,2191,1699,1887,1666,1662,1743,1918,2420,2602,1806,2640,2410,2913,3149,3056,3800,3495,3796,2848,2467,2716,1253,2443,2243,2848,3177,3177,3107,3555,3933,0,1588,2801,2032,2022,3217,3296,3369,3463,3531,3075,1909,2580,2157,2499,1219,1709,2076
2754,2745,2471,2313,2417,2179,2546,1469,2308,1969,1998,2992,1489,2204,2611,1481,2396,2695,1582,2136,925,1154,2038,869,943,1855,2217,2109,2282,2193,493,1528,2768,2792,1350,2288,1542,1859,2373,2121,2980,3027,2429,1609,2047,1560,1769,1053,3132,2153,2484,2288,2507,2098,1225,910,1013,2282,2805,2481,183,602,305,1215,1381,1745,1056,876,1064,2590,2657,2739,2748,3347,3529,2373,2799,2714,3840,4076,3983,4727,4422,4723,3517,3136,3384,1412,1307,1420,3517,3846,3846,4034,4483,4860,1965,0,3469,2700,2589,3886,3964,4037,3968,4036,3642,1991,3147,2239,2418,1044,1847,2015
2721,2511,1936,1542,3579,1805,1542,3041,2275,1936,3451,2691,3880,2171,2907,2916,2281,2945,4239,2943,2713,2588,3243,3560,3399,3865,3169,1689,2705,2408,3365,2461,3363,1309,3360,4237,2965,4017,2479,3621,1369,3230,3051,3031,2031,4217,3616,3556,1170,2565,2867,4237,3379,3351,3926,3811,3945,3004,3276,2805,3476,3534,3177,3718,3884,4249,4142,3901,4089,2405,1493,1672,1184,1233,1415,2479,3118,2888,1726,1962,1869,2215,2308,2580,210,595,1451,4048,4393,4445,210,377,377,1786,2238,2170,3974,3293,0,1639,2246,1605,1683,1756,2108,2300,2520,3413,2172,3460,3832,3734,4354,3580
1823,1008,297,929,2974,1192,929,2143,1378,1039,2847,1299,2982,1273,1268,2019,1669,2341,3342,2045,1815,1691,1604,2663,2502,3235,1531,792,1066,769,2467,1564,2762,495,2730,3633,2067,3412,930,3016,280,2628,1412,2109,1134,3320,2718,2659,432,1827,2237,3633,2774,2747,3028,2913,3048,1365,1637,1166,2579,2637,2279,2820,2986,3351,3244,3003,3192,1804,969,1071,1017,1616,1798,930,1479,1250,2109,2345,2252,2996,2691,2992,1643,1028,684,3150,3496,3548,1643,1972,1972,2179,2752,3027,3345,2396,1595,0,827,1495,1573,1646,1686,1754,1275,2406,781,1821,2193,2837,3607,2581
2320,265,553,1653,3472,1746,1653,2279,1875,1536,3344,572,3479,1771,785,2167,2211,2838,3839,2542,2183,2042,1339,3160,2999,3732,1047,1289,914,676,2824,2061,3374,1218,3228,4130,1949,3910,995,3513,1003,3240,928,1630,1631,3817,2854,2794,1155,2325,2734,4130,3271,3244,3526,3395,3498,881,1153,683,2727,3087,2637,2956,3122,3487,3382,3360,3549,2415,1692,1794,1740,2339,2521,995,995,766,2832,3069,2976,3719,3414,3716,2366,1751,1408,3647,3632,3905,2366,2695,2695,2903,3475,3750,3842,2544,2319,823,0,1967,1889,1816,1463,1531,1052,1928,558,1338,1710,3334,4104,2098
2774,1788,1248,1756,3804,2019,1756,3094,2329,1990,3676,1482,3933,2224,2175,2970,2495,3170,4293,2996,2766,2642,2555,3614,3453,4090,2254,1743,2017,1720,3418,2515,3588,1322,3585,4462,3018,4242,1880,3846,670,3455,2042,2938,2084,4271,3669,3609,821,2778,3092,4462,3604,3576,3979,3864,3999,2191,2139,1993,3530,3588,3230,3771,3937,4302,4195,3954,4143,2630,1795,1897,1511,2015,2197,1880,1672,1759,2509,2745,2652,3395,3091,3392,1563,1395,1074,4101,4447,4499,1563,2362,2362,2569,3151,3416,4199,3347,1985,951,1547,0,78,151,503,695,915,3235,1410,2436,2695,3788,4558,3083
2852,1710,1327,1834,3883,2097,1834,3172,2407,2068,3755,1404,4011,2303,2097,3048,2574,3249,4371,3074,2844,2720,2633,3692,3531,4168,2176,1821,2095,1798,3496,2593,3667,1400,3664,4541,3096,4320,1959,3924,748,3533,1964,2860,2163,4349,3748,3688,900,2857,3170,4541,3682,3655,4058,3943,4077,2113,2060,1914,3608,3666,3309,3850,4016,4380,4274,4032,4221,2708,1873,1975,1590,2094,2276,1959,1594,1681,2587,2823,2730,3474,3169,3470,1642,1474,1153,4179,4525,4577,1642,2440,2440,2648,3229,3495,4278,3425,2064,1029,1625,78,0,73,425,617,837,3157,1331,2357,2617,3866,4636,3005
2925,1637,1400,1907,3956,2170,1907,3245,2480,2141,3828,1331,4084,2376,2024,3121,2647,3322,4444,3147,2917,2793,2578,3765,3604,4241,2103,1894,2168,1871,3569,2666,3740,1473,3737,4614,3105,4393,2032,3997,821,3606,1891,2787,2236,4422,3821,3761,973,2930,3243,4614,3755,3728,4131,4016,4150,2040,1987,1841,3681,3739,3382,3923,4089,4453,4347,4105,4294,2781,1946,2048,1663,2167,2349,2032,1521,1608,2660,2896,2803,3547,3242,3543,1715,1547,1226,4252,4598,4650,1715,2513,2513,2721,3302,3568,4351,3498,2137,1102,1698,151,73,0,352,544,764,3084,1258,2284,2544,3939,4709,2932
3277,1285,1734,2259,4308,2522,2259,3083,2832,2493,4180,979,4436,2728,1672,2972,2999,3674,4796,3499,3071,2848,2226,4117,3956,4593,1751,2246,2095,1856,3629,2998,4092,1825,4089,4966,2753,4746,2176,4349,1173,3958,1539,2435,2588,4774,3543,3434,1325,3282,3595,4966,4107,4080,4483,4199,4302,1688,1635,1489,3532,3891,3441,3695,3861,4226,4121,4164,4353,3133,2298,2400,2015,2519,2701,2176,1169,1256,3012,3248,3155,3769,3594,3895,2067,1899,1578,4604,4371,4709,2067,2865,2865,3073,3655,3724,4703,3349,2489,1454,1446,503,425,352,0,192,412,2732,906,1932,2192,4291,5061,2580
3469,1353,1802,2451,4499,2714,2451,3151,3024,2685,4372,1046,4628,2919,1740,3039,3191,3866,4939,3691,3138,2916,2294,4225,4146,4785,1819,2438,2163,1924,3696,3066,4284,2017,4281,5158,2821,4937,2244,4541,1365,4150,1607,2502,2779,4917,3611,3502,1517,3473,3787,5158,4299,4271,4582,4267,4370,1756,1703,1557,3599,3959,3509,3763,3929,4294,4189,4232,4421,3325,2490,2592,2206,2711,2892,2244,1236,1324,3204,3440,3347,3707,3786,4072,2153,2091,1769,4769,4439,4777,2153,3057,3057,3264,3730,3662,4895,3417,2680,1646,1514,695,617,544,192,0,479,2800,974,2000,2259,4401,5204,2648
3029,1011,1322,2095,4143,2358,2095,2809,2584,2245,4016,704,4188,2480,1397,2697,2835,3510,4548,3251,2796,2574,1952,3869,3708,4429,1476,1998,1683,1445,3354,2724,3927,1661,3924,4801,2479,4581,1764,4185,1445,3794,1264,2160,2340,4526,3269,3159,1597,3034,3431,4801,3943,3915,4235,3925,4027,1413,1361,1215,3257,3616,3166,3421,3587,3951,3847,3890,4079,2969,2134,2236,2183,2781,2963,1764,894,982,3275,3511,3418,4071,3857,4158,2478,2193,1850,4357,4096,4435,2478,3138,3138,3345,3917,4026,4539,3074,2761,1265,1035,915,836,763,411,479,0,2458,494,1658,1917,4043,4813,2305
2915,1730,1764,2474,3840,2341,2708,1218,2470,2131,3268,1748,2759,2365,1384,1106,2806,3433,3006,3137,1692,1299,794,2292,2213,3125,973,2018,1374,1285,1763,1619,3968,2383,2621,3558,802,3283,1665,3437,2277,3834,1185,569,2139,2984,1456,1347,2429,2919,3329,3558,3777,3368,2607,2334,2382,1038,1295,1237,1666,2025,1575,1608,1774,2139,2034,2143,2332,3010,2794,2896,2843,3441,3623,1665,1490,1470,3935,4171,4078,4821,4517,4818,3601,3025,2681,2836,2283,2688,3601,3930,3930,4129,4577,4954,3235,1483,3553,1997,1682,3162,3084,3011,2658,2726,2384,0,2232,920,590,2468,3271,493
2535,657,828,1600,3649,1863,1600,2670,2090,1751,3521,664,3694,1985,1176,2559,2340,3015,4054,2757,2527,2403,1727,3375,3214,3935,1439,1504,1189,950,3179,2276,3433,1166,3430,4307,2340,4087,1270,3690,951,3299,1320,2022,1845,4032,3245,3186,1103,2539,2937,4307,3449,3421,3740,3625,3760,1273,1488,1074,3119,3349,2991,3347,3513,3878,3774,3715,3904,2474,1640,1741,1688,2287,2469,1270,1021,941,2780,3016,2923,3667,3362,3663,2314,1698,1355,3862,4023,4260,2314,2643,2643,2850,3423,3698,4044,2936,2266,770,540,1409,1331,1258,906,973,494,2319,0,1730,2044,3549,4319,2432
2761,1159,1416,2321,3913,2187,2467,1354,2316,1977,3404,1166,2895,2212,828,1242,2653,3279,3142,2984,1683,1340,740,2428,2349,3261,298,1730,1086,997,1899,1610,3815,2095,2757,3694,1024,3419,1377,3574,1989,3681,510,705,2072,3120,1814,1704,2141,2766,3175,3694,3713,3504,2785,2470,2572,457,569,655,1802,2161,1711,1966,2132,2496,2392,2435,2624,2856,2506,2608,2555,3153,3335,1377,764,889,3647,3883,3790,4533,4229,4530,3313,2737,2393,2972,2641,2980,3313,3642,3642,3841,4289,4666,3371,1619,3265,1709,1233,2436,2357,2284,1932,2000,1658,1003,1676,0,462,2604,3407,850
